,category,fairness_bias_mentioned,how_fairness,data_privacy,how_data_privacy,toy,red_team,transparency_mentioned,how_transparency,name,url
0,Natural Language Processing,no,n/a,no,n/a,no,no,no,n/a,CPROD1: Consumer PRODucts contest #1,https://www.kaggle.com/competitions/cprod1
1,Data Science,no,n/a,no,n/a,no,no,no,n/a,EMC Israel Data Science Challenge,https://www.kaggle.com/competitions/emc-data-science
2,Healthcare,no,n/a,yes,"The data involves de-identified medical records, which potentially mitigates privacy concerns. However, de-identification alone may not fully prevent re-identification risks.",no,no,no,"n/a: The competition emphasizes a random forest benchmark, focusing on predictive accuracy without mention of model transparency or explainability.",Practice Fusion Diabetes Classification,https://www.kaggle.com/competitions/pf2012-diabetes
3,Natural Language Processing,no,n/a,yes,Potential privacy issues due to publicly sourced data from various conversation streams without detailed information on consent or anonymization. There's no mention of how these concerns are addressed.,no,no,no,"n/a, the competition focuses on single-class classification accuracy.",Detecting Insults in Social Commentary,https://www.kaggle.com/competitions/detecting-insults-in-social-commentary
4,Data Science and Machine Learning,yes,Normalization and quantization were adjusted to address bias in the original data.,no,n/a,no,no,no,"n/a, focus is on ranking cause-effect pairs for experimental verification.",Cause-effect pairs,https://www.kaggle.com/competitions/cause-effect-pairs
5,Computer Vision,no,n/a,no,n/a,no,no,no,n/a - The competition focuses on gesture classification accuracy as the primary metric.,Multi-modal Gesture Recognition,https://www.kaggle.com/competitions/multi-modal-gesture-recognition
6,Finance,no,n/a,no,"The data has been anonymized, standardized, and de-trended to address privacy concerns.",no,no,no,n/a. The competition focuses on predicting losses.,Loan Default Prediction - Imperial College London,https://www.kaggle.com/competitions/loan-default-prediction
7,Healthcare and Biomedical Engineering,no,n/a,no,n/a,no,no,no,n/a,Grasp-and-Lift EEG Detection,https://www.kaggle.com/competitions/grasp-and-lift-eeg-detection
8,Conservation Technology,no,n/a,no,n/a,no,no,no,"n/a, focuses on model accuracy.",Right Whale Recognition,https://www.kaggle.com/competitions/noaa-right-whale-recognition
9,Optical Character Recognition,no,n/a,no,n/a,no,no,no,"n/a, the competition focuses on classifying the components of handwritten Bengali graphemes.",Bengali.AI Handwritten Grapheme Classification,https://www.kaggle.com/competitions/bengaliai-cv19
10,Indoor Navigation Technology,no,n/a,yes,"The dataset requires explicit user permission, indicating attention to privacy. However, the collection of location data in public spaces still presents potential privacy concerns regarding exposure and misuse.",no,no,no,"n/a, potentially prioritizing prediction accuracy or positioning precision",Indoor Location & Navigation,https://www.kaggle.com/competitions/indoor-location-navigation
11,Geospatial Technology and Navigation,no,n/a,no,n/a,no,no,no,"n/a, likely performance metric is position accuracy",Google Smartphone Decimeter Challenge,https://www.kaggle.com/competitions/google-smartphone-decimeter-challenge
12,Natural Language Processing,no,n/a,no,n/a,no,no,no,"n/a, with the focus on performance metrics.",chaii - Hindi and Tamil Question Answering,https://www.kaggle.com/competitions/chaii-hindi-and-tamil-question-answering
13,Conservation Technology and Bioacoustics,no,n/a,no,n/a,no,no,no,"n/a, accuracy of bird species identification",BirdCLEF 2022,https://www.kaggle.com/competitions/birdclef-2022
14,Computer Vision,no,n/a,no,n/a,no,no,no,"n/a, the competition focuses on accuracy in image registration as the main performance metric.",Image Matching Challenge 2022,https://www.kaggle.com/competitions/image-matching-challenge-2022
15,Navigation and Geospatial Technology,no,n/a,no,n/a,no,no,no,"n/a, focus on precision in positioning accuracy",Google Smartphone Decimeter Challenge 2022,https://www.kaggle.com/competitions/smartphone-decimeter-2022
16,Healthcare/Medical Research,no,n/a,yes,"Potential data privacy issues exist as the dataset contains patient medical data, but there is no mention of how privacy is safeguarded. Steps to anonymize the data and obtain patient consent are necessary.",no,no,no,n/a. The competition focuses on performance but does not specify which metric.,Mayo Clinic - STRIP AI,https://www.kaggle.com/competitions/mayo-clinic-strip-ai
17,Music Data Science,no,n/a,yes,"The dataset contains personal data such as demographics, which could raise privacy concerns if not properly anonymized. Data privacy issues are not explicitly addressed in the description.",no,no,no,n/a,EMI Music Data Science Hackathon - July 21st - 24 hours,https://www.kaggle.com/competitions/MusicHackathon
18,Healthcare Technology,no,n/a,yes,"Potential privacy issues include sensitive health data on Parkinson's patients. The contest does not explicitly address data privacy protections apart from offering secure download links, which could present a flaw in handling sensitive information.",no,no,no,n/a,Predicting Parkinson's Disease Progression with Smartphone Data,https://www.kaggle.com/competitions/predicting-parkinson-s-disease-progression-with-smartphone-data
19,Web Search and Information Retrieval,no,n/a,yes,"The data is anonymized by replacing user information with meaningless numeric IDs, addressing privacy to some extent. However, anonymity may not fully prevent re-identification if combined with other datasets.",no,no,no,"n/a, the competition focuses on re-ranking URLs based on user preferences as evaluated by a dwell-time based model of personal relevance.",Personalized Web Search Challenge,https://www.kaggle.com/competitions/yandex-personalized-web-search-challenge
20,Predictive Maintenance,no,n/a,no,n/a,no,no,no,"n/a, focuses on predictive performance for repair prediction",PAKDD 2014 - ASUS Malfunctional Components Prediction,https://www.kaggle.com/competitions/pakdd-cup-2014
21,Data Science,no,n/a,no,"User and item IDs are anonymized, and information in Chinese is encoded to prevent identification.",no,no,no,"n/a, average precision","KDD Cup 2012, Track 1",https://www.kaggle.com/competitions/kddcup2012-track1
22,Internet Advertising,no,n/a,yes,"The data includes user identifiers and session logs, which may contain sensitive information. While data is anonymized through hashing, there is still a potential privacy concern in dataset sharing.",no,no,no,n/a. The competition focuses on the AUC as the performance metric.,"KDD Cup 2012, Track 2",https://www.kaggle.com/competitions/kddcup2012-track2
23,Healthcare/Epilepsy Treatment,no,n/a,yes,"The dataset involves intracranial EEG recordings from patients, which is potentially sensitive health data. Privacy issues would be mitigated if data is anonymized and consent was obtained.",no,no,no,n/a; the competition focuses on optimizing algorithm accuracy for seizure detection.,UPenn and Mayo Clinic's Seizure Detection Challenge,https://www.kaggle.com/competitions/seizure-detection
24,Agriculture and Environmental Science,no,n/a,no,n/a,no,no,no,n/a,Africa Soil Property Prediction Challenge,https://www.kaggle.com/competitions/afsis-soil-properties
25,Energy Forecasting,no,n/a,no,n/a,no,no,yes,"Model transparency is implied through evaluation criteria like clarity of documentation, interpretability, and practicality, beyond just accuracy.",Global Energy Forecasting Competition 2012 - Load Forecasting,https://www.kaggle.com/competitions/global-energy-forecasting-competition-2012-load-forecasting
26,Energy Forecasting,no,n/a,no,n/a,no,no,yes,Model transparency is implicitly discussed through the evaluative focus on clarity of documentation and interpretability of the models.,Global Energy Forecasting Competition 2012 - Wind Forecasting,https://www.kaggle.com/competitions/GEF2012-wind-forecasting
27,academic and research,no,n/a,no,n/a,no,no,no,n/a,KDD Cup 2013 - Author-Paper Identification Challenge (Track 1),https://www.kaggle.com/competitions/kdd-cup-2013-author-paper-identification-challenge
28,Research/Data Science,no,n/a,no,n/a,no,no,no,n/a: The competition focuses on resolving author-name ambiguity.,KDD Cup 2013 - Author Disambiguation Challenge (Track 2),https://www.kaggle.com/competitions/kdd-cup-2013-author-disambiguation
29,Healthcare,no,n/a,no,n/a,no,no,no,"n/a, best performance metric is predicting airway pressure",Google Brain - Ventilator Pressure Prediction,https://www.kaggle.com/competitions/ventilator-pressure-prediction
30,Data Science / Air Quality Prediction,no,n/a,no,n/a,no,no,no,n/a MAE,EMC Data Science Global Hackathon (Air Quality Prediction),https://www.kaggle.com/competitions/dsg-hackathon
31,Data Science Competition,no,n/a,no,n/a,no,no,no,"n/a, highly accurate predictive model",Job Salary Prediction,https://www.kaggle.com/competitions/job-salary-prediction
32,AI and Machine Learning,no,n/a,no,n/a,no,no,no,n/a,Google Research Football with Manchester City F.C.,https://www.kaggle.com/competitions/google-football
33,Finance,no,n/a,yes,"The use of data from 250,000 borrowers implies potential privacy issues concerning sensitive personal financial data. There is no mention of how these issues are addressed.",no,no,no,"n/a, the competition focuses on predicting the probability of financial distress.",Give Me Some Credit,https://www.kaggle.com/competitions/GiveMeSomeCredit
34,Educational Data Science,no,n/a,yes,"The data might involve students' personal performance data. It's unclear how student anonymity is ensured, posing potential privacy issues.",no,no,no,n/a Capped Binomial Deviance,What Do You Know?,https://www.kaggle.com/competitions/WhatDoYouKnow
35,Artificial Intelligence / Image Processing,no,n/a,no,n/a,no,no,no,"n/a, accuracy",Photo Quality Prediction,https://www.kaggle.com/competitions/PhotoQualityPrediction
36,Recommender Systems,no,n/a,yes,"The dataset contains sensitive personal information like user demographics, which may raise privacy concerns if not properly anonymized or used without consent.",no,no,no,"n/a; model performance is the primary focus, likely based on accuracy or a similar metric.",Event Recommendation Engine Challenge,https://www.kaggle.com/competitions/event-recommendation-engine-challenge
37,Human Resources,no,n/a,yes,"The dataset contains sensitive information related to employee access permissions, which raises concerns about privacy and unauthorized access to personal data.",no,no,no,n/a (focuses on minimizing manual access transactions),Amazon.com - Employee Access Challenge,https://www.kaggle.com/competitions/amazon-employee-access-challenge
38,Machine Learning,no,n/a,no,n/a,no,no,no,n/a - likely focuses on classification accuracy,StumbleUpon Evergreen Classification Challenge,https://www.kaggle.com/competitions/stumbleupon
39,data science/machine learning,no,n/a,no,n/a,yes,no,no,"n/a, competition focuses on synchronous Kernels-only implementation and performance delivery",Instant Gratification,https://www.kaggle.com/competitions/instant-gratification
40,Data Science/Machine Learning,no,n/a,yes,"The dataset includes sensitive personal information about investigators like their birth year, country, home language and academic history, which could pose privacy risks if not anonymized effectively.",no,no,no,"n/a, the competition focuses on predicting grant application success without mentioning transparency or explainability criteria.",Predict Grant Applications,https://www.kaggle.com/competitions/unimelb
41,Education,no,n/a,yes,Privacy concerns exist as some schools with small populations do not have their data reported to protect student privacy.,no,no,yes,Transparency is addressed through providing intuitive letter grades and openly distributing methodology used for grading schools.,Visualize the State of Public Education in Colorado,https://www.kaggle.com/competitions/visualize-the-state-of-education-in-colorado
42,Biometrics,no,n/a,yes,"The collection of accelerometer data from users' devices for biometric identification poses privacy concerns. No mention of user consent or data handling mechanisms, raising potential unauthorized data use issues.",no,no,no,n/a. The competition focuses on identifying the correct device without discussing model transparency or explainability.,Accelerometer Biometric Competition,https://www.kaggle.com/competitions/accelerometer-biometric-competition
43,Neuroscience Research,no,n/a,no,n/a,no,no,no,n/a,DecMeg2014 - Decoding the Human Brain,https://www.kaggle.com/competitions/decoding-the-human-brain
44,Machine Learning/Text Processing,no,n/a,no,n/a,no,no,no,"n/a, the competition focuses on predicting the probability that a piece of text belongs to a given class.",Tradeshift Text Classification,https://www.kaggle.com/competitions/tradeshift-text-classification
45,Machine Learning / Audio Processing,no,n/a,no,n/a,no,no,no,"n/a, focuses on performance metrics like accuracy and precision",Freesound Audio Tagging 2019,https://www.kaggle.com/competitions/freesound-audio-tagging-2019
46,Conservation and Biodiversity,no,n/a,no,n/a,no,no,no,"n/a, focuses on accuracy and recall metrics",BirdCLEF 2021 - Birdcall Identification,https://www.kaggle.com/competitions/birdclef-2021
47,Retail and Consumer Goods,no,n/a,no,"The removal of data to comply with the client's data sharing policy suggests attention to privacy concerns, with no further identified issues.",yes,no,no,"n/a. The competition focuses on predicting unit sales, likely using metrics such as RMSE or MAE.",dunnhumby & hack/reduce Product Launch Challenge,https://www.kaggle.com/competitions/hack-reduce-dunnhumby-hackathon
48,Music Recommendation Systems,no,n/a,yes,"The dataset contains user listening history, which could include sensitive behaviors and preferences. The description does not mention specific privacy safeguards for the data.",no,no,no,"n/a, the competition focuses on the accuracy of predicting repeat listens.",WSDM - KKBox's Music Recommendation Challenge,https://www.kaggle.com/competitions/kkbox-music-recommendation-challenge
49,Music Streaming / Subscription Services,no,n/a,yes,"The dataset includes transaction history and user behavior logs, which could include sensitive information about user habits and choices. However, the descriptions do not address how user privacy is maintained.",no,no,no,n/a; the competition focuses on predicting churn accurately.,WSDM - KKBox's Churn Prediction Challenge,https://www.kaggle.com/competitions/kkbox-churn-prediction-challenge
50,Materials Science,no,n/a,no,n/a,no,no,no,"n/a, focus is on prediction of formation energy and bandgap energy",Nomad2018 Predicting Transparent Conductors,https://www.kaggle.com/competitions/nomad2018-predict-transparent-conductors
51,Urban Planning and Government,no,n/a,no,n/a,no,no,no,"n/a; Focuses on predicting views, votes, and comments.",See Click Predict Fix,https://www.kaggle.com/competitions/see-click-predict-fix
52,Astronomy and Image Analysis,no,n/a,no,n/a,no,no,no,n/a,Mapping Dark Matter,https://www.kaggle.com/competitions/mdm
53,Optimization/Algorithms,no,n/a,no,n/a,yes,no,no,n/a - The competition focuses on the shortest-distance paths metric.,Traveling Santa Problem,https://www.kaggle.com/competitions/traveling-santa-problem
54,Neuroscience Research,no,n/a,no,n/a,no,no,no,n/a - The competition focuses on network structure prediction from neural data without explicit criteria for model transparency.,CONNECTOMICS,https://www.kaggle.com/competitions/connectomics
55,Data Analysis and Visualization,no,n/a,no,n/a,no,no,no,"n/a, focus is on storytelling and impact analysis, not a single best performance metric",Harvard Business Review 'Vision Statement' Prospect,https://www.kaggle.com/competitions/harvard-business-review-vision-statement-prospect
56,Computer Vision,no,n/a,yes,"There may be predictive information in the Exif data, and images are not directly controlled, making some unavailable. These concerns are somewhat addressed by organizers' adjustments to the solution file.",no,no,no,n/a. The competition focuses on recognizing the correct landmark in test images.,Google Landmark Recognition Challenge,https://www.kaggle.com/competitions/landmark-recognition-challenge
57,computer vision,yes,"Fairness is addressed through human annotators for ground truth to avoid bias, despite minor errors in relevance labeling.",no,n/a,no,no,no,n/a - the competition focuses on image retrieval accuracy.,Google Landmark Retrieval Challenge,https://www.kaggle.com/competitions/landmark-retrieval-challenge
58,Fashion Technology,no,n/a,no,n/a,no,no,no,n/a. The competition focuses on image classification accuracy as the primary performance metric.,iMaterialist Challenge (Fashion) at FGVC5,https://www.kaggle.com/competitions/imaterialist-challenge-fashion-2018
59,Computer Vision,no,n/a,no,The data consists of URLs to public furniture and home goods images; there is no indication of personal or sensitive information being used.,no,no,no,"n/a, the primary focus is on performance in image classification accuracy metrics.",iMaterialist Challenge (Furniture) at FGVC5,https://www.kaggle.com/competitions/imaterialist-challenge-furniture-2018
60,Autonomous Vehicles/Computer Vision,no,n/a,no,n/a,no,no,no,n/a. The competition focuses on instance-level segmentation with metrics like confidence and pixel count.,CVPR 2018 WAD Video Segmentation Challenge,https://www.kaggle.com/competitions/cvpr-2018-autonomous-driving
61,Data Science,no,n/a,yes,"The dataset includes Twitter activity metrics and human judgments, which may raise privacy concerns if individuals did not consent to data use. There’s no mention of mitigation strategies.",yes,no,no,n/a. The competition focuses on accuracy as the performance metric.,Influencers in Social Networks,https://www.kaggle.com/competitions/predict-who-is-more-influential-in-a-social-network
62,Data Science Competition,no,n/a,yes,"Potential data privacy concerns include the use of donor and teacher personal information, including identities and locations, which may require anonymization to prevent unauthorized use or privacy breaches.",no,no,no,n/a,KDD Cup 2014 - Predicting Excitement at DonorsChoose.org,https://www.kaggle.com/competitions/kdd-cup-2014-predicting-excitement-at-donors-choose
63,Environmental Conservation,no,n/a,no,n/a,no,no,no,n/a. The competition focuses on predicting bird species from audio recordings without mentioning transparency or explainability aspects.,MLSP 2013 Bird Classification Challenge,https://www.kaggle.com/competitions/mlsp-2013-birds
64,Data Science/Prediction,no,n/a,no,n/a,yes,no,no,n/a,Forecast Eurovision Voting,https://www.kaggle.com/competitions/Eurovision2010
65,Document Analysis and Recognition,no,n/a,yes,"Potential data privacy issues include the use of handwriting samples, which may contain sensitive personal information, but no specific measures are mentioned.",no,no,no,n/a,ICDAR 2011 - Arabic Writer Identification,https://www.kaggle.com/competitions/WIC2011
66,Forensic Document Examination,no,n/a,yes,"The dataset includes handwritten texts, which may contain identifiable information like handwriting style. There is no mention of how these privacy issues are addressed.",no,no,no,n/a,ICFHR 2012 - Arabic Writer Identification,https://www.kaggle.com/competitions/awic2012
67,Psychology and Data Science,no,n/a,yes,"The competition uses anonymized Twitter data, which may contain sensitive information. Anonymization is intended to address privacy concerns, but risks include potential re-identification and the ethics of using social media data for research without explicit user consent.",no,no,no,"n/a, model performance is implied to be the main focus.",Psychopathy Prediction Based on Twitter Usage,https://www.kaggle.com/competitions/twitter-psychopathy-prediction
68,Data Science and Machine Learning,no,n/a,yes,"The dataset contains user behavior data, which could include sensitive information. There is no mention of measures taken to anonymize or secure this data.",no,no,no,"n/a. The competition description focuses on predicting clicked skus, likely prioritizing accuracy.",Data Mining Hackathon on BIG DATA (7GB) Best Buy mobile web site,https://www.kaggle.com/competitions/acm-sf-chapter-hackathon-big
69,Data Journalism,no,n/a,no,n/a,no,no,no,n/a,Follow the Money: Investigative Reporting Prospect,https://www.kaggle.com/competitions/cir-prospect
70,Renewable Energy Forecasting,no,n/a,no,n/a,no,no,no,n/a,AMS 2013-2014 Solar Energy Prediction Contest,https://www.kaggle.com/competitions/ams-2014-solar-energy-prediction-contest
71,Document Analysis and Forensics,no,n/a,yes,The dataset involves potentially sensitive demographic information (gender) which could lead to privacy issues if not handled properly. No explicit mention of data handling protocols is made.,no,no,no,n/a. The competition focuses on predicting gender with no mention of model transparency or explainability.,ICDAR2013 - Gender Prediction from Handwriting,https://www.kaggle.com/competitions/icdar2013-gender-prediction-from-handwriting
72,Document Analysis and Recognition,no,n/a,no,n/a,no,no,no,n/a,ICDAR2013 - Handwriting Stroke Recovery from Offline Data,https://www.kaggle.com/competitions/icdar2013-stroke-recovery-from-offline-data
73,Brain-Computer Interface,no,n/a,yes,"The data includes brain activity which is sensitive and requires proper handling of personal health information. However, specific privacy measures are not detailed in the description.",no,no,no,n/a - The competition focuses on detecting errors in spelling tasks using EEG data.,BCI Challenge @ NER 2015,https://www.kaggle.com/competitions/inria-bci-challenge
74,Data Science,no,n/a,yes,The dataset might contain location-based information which poses privacy concerns if linked to individuals. There are no explicit guidelines on how this data is anonymized or secured.,no,no,no,"n/a. The competition focuses on predicting views, votes, and comments as performance metrics.",Competition name not found,https://www.kaggle.com/competitions/the-seeclickfix-311-challenge
75,Finance,no,n/a,no,n/a,no,no,no,"n/a. The competition focuses on the best performance metric, which is predicting the probability of a stock going up.",Boston Data Festival Hackathon,https://www.kaggle.com/competitions/boston-data-festival-hackathon
76,Machine Learning,no,n/a,no,n/a,yes,no,no,n/a,The Random Number Grand Challenge,https://www.kaggle.com/competitions/random-number-grand-challenge
77,Social Network Analysis,no,n/a,yes,"The dataset is anonymized, but the use of social network data can still carry privacy risks if improperly accessed or de-anonymized.",no,no,yes,"Participants are encouraged to explain their approaches, indicating a focus on model explainability beyond just performance. AUC is the primary performance metric.",IJCNN Social Network Challenge,https://www.kaggle.com/competitions/socialNetwork
78,automotive,no,n/a,no,n/a,no,no,no,n/a,Stay Alert! The Ford Challenge,https://www.kaggle.com/competitions/stayalert
79,Data Visualization,no,n/a,no,n/a,yes,no,no,n/a; focuses on capped binomial deviance metric,Leaping Leaderboard Leapfrogs,https://www.kaggle.com/competitions/leapfrogging-leaderboards
80,Media Monitoring,no,n/a,no,"The dataset is derived from publicly available Greek print media, so privacy concerns are minimal. There is no indication of sensitive personal information or unauthorized data use.",no,no,no,"n/a, focus on multi-label classification performance",Greek Media Monitoring Multilabel Classification (WISE 2014),https://www.kaggle.com/competitions/wise-2014
81,Sports Analytics,no,n/a,no,n/a,no,no,no,n/a; the competition focuses on predicting the expected score of the white player based on chess game data.,Chess ratings - Elo versus the Rest of the World,https://www.kaggle.com/competitions/chess
82,Data Science,no,n/a,yes,The dataset contains user behavior data which could be considered sensitive. It is not clear if any anonymization is applied to protect users' privacy.,no,no,no,"n/a, the competition focuses on predicting the clicked sku based on user queries.",Data Mining Hackathon on (20 mb) Best Buy mobile web site - ACM SF Bay Area Chapter,https://www.kaggle.com/competitions/acm-sf-chapter-hackathon-small
83,Healthcare,no,n/a,yes,"The data likely involves sensitive health information such as HIV status and progression, which raises privacy concerns. It is not specified how these issues are addressed.",no,no,no,n/a,Predict HIV Progression,https://www.kaggle.com/competitions/hivprogression
84,Machine Learning/Feature Engineering,no,n/a,no,"The data has been cleaned and anonymized, reducing potential privacy concerns.",no,no,no,n/a. The focus is on maximizing the predictive performance using AUC as the metric.,Semi-Supervised Feature Learning,https://www.kaggle.com/competitions/SemiSupervisedFeatureLearning
85,Artificial Intelligence/Machine Learning,no,n/a,yes,"The competition uses anonymized data from Twitter, a social media platform, which raises data privacy concerns about consent and misuse. The description does not specify how privacy issues are addressed.",no,no,no,"n/a, as the competition does not address model transparency, focusing solely on the best performing model.",Personality Prediction Based on Twitter Stream,https://www.kaggle.com/competitions/twitter-personality-prediction
86,Machine Learning/Facial Recognition,no,n/a,yes,"The dataset contains facial images collected from the internet, potentially leading to privacy concerns if individuals did not consent to their use; however, no explicit consent or privacy measures are detailed.",no,no,no,n/a - The competition focuses on best performance on emotion classification.,Challenges in Representation Learning: Facial Expression Recognition Challenge,https://www.kaggle.com/competitions/challenges-in-representation-learning-facial-expression-recognition-challenge
87,Machine Learning/Artificial Intelligence,no,n/a,no,n/a,no,no,no,n/a. The competition focuses on classification accuracy.,Challenges in Representation Learning: The Black Box Learning Challenge,https://www.kaggle.com/competitions/challenges-in-representation-learning-the-black-box-learning-challenge
88,Machine Learning / Multi-modal Learning,no,n/a,no,n/a,yes,no,no,"n/a, accuracy is likely the primary performance metric",Challenges in Representation Learning: Multi-modal Learning,https://www.kaggle.com/competitions/challenges-in-representation-learning-multi-modal-learning
89,Recommendation Systems,no,n/a,yes,"The dataset includes detailed information about Yelp users and businesses, which may involve sensitive personal data. The description does not specify how privacy concerns are addressed.",no,no,no,n/a. The competition likely focuses on performance metrics such as accuracy or RMSE.,RecSys2013: Yelp Business Rating Prediction,https://www.kaggle.com/competitions/yelp-recsys-2013
90,Bioacoustics,no,n/a,no,n/a,no,no,no,n/a;,The ICML 2013 Bird Challenge,https://www.kaggle.com/competitions/the-icml-2013-bird-challenge
91,Marine Biology / Bioacoustics,no,n/a,no,n/a,no,no,no,"n/a, AUC",The ICML 2013 Whale Challenge - Right Whale Redux,https://www.kaggle.com/competitions/the-icml-2013-whale-challenge-right-whale-redux
92,Data Science and Machine Learning,no,n/a,yes,Tweets may contain sensitive information or personally identifiable data. The competition does not mention explicit measures to anonymize or protect users' privacy.,yes,no,no,n/a. The competition focuses on predicting confidence scores of the labels as the primary metric.,Partly Sunny with a Chance of Hashtags,https://www.kaggle.com/competitions/crowdflower-weather-twitter
93,Meteorology,no,n/a,no,n/a,no,no,no,n/a,How Much Did It Rain?,https://www.kaggle.com/competitions/how-much-did-it-rain
94,Meteorology,no,n/a,no,n/a,no,no,no,n/a,How Much Did It Rain? II,https://www.kaggle.com/competitions/how-much-did-it-rain-ii
95,Tourism Forecasting,no,n/a,no,n/a,no,no,no,n/a,Tourism Forecasting Part One,https://www.kaggle.com/competitions/tourism1
96,tourism forecasting,no,n/a,no,n/a,no,no,no,"n/a, single best performance metric is not mentioned",Tourism Forecasting Part Two,https://www.kaggle.com/competitions/tourism2
97,Data Science/ML Competitions,no,n/a,no,n/a,yes,no,no,n/a; Performance is likely evaluated on accuracy or similar metric.,Don't Overfit!,https://www.kaggle.com/competitions/overfitting
98,Transportation/Logistics,no,n/a,yes,"The data includes anonymized passenger_ids, which could raise privacy concerns if linked to sensitive information, but efforts to anonymize appear to be made.",no,no,no,n/a. The competition focuses on predicting the final destination based on GPS data.,ECML/PKDD 15: Taxi Trajectory Prediction (I),https://www.kaggle.com/competitions/pkdd-15-predict-taxi-service-trajectory-i
99,Data Science/Transportation,no,n/a,yes,"The data includes trajectory records of taxis, which could potentially be used to identify individuals or track their movements, raising privacy concerns.",no,no,no,n/a. The competition focuses on predicting trip time using a single performance metric.,ECML/PKDD 15: Taxi Trip Time Prediction (II),https://www.kaggle.com/competitions/pkdd-15-taxi-trip-time-prediction-ii
100,Data Science,no,n/a,no,n/a,no,no,no,n/a,R Package Recommendation Engine,https://www.kaggle.com/competitions/R
101,Sports analytics,no,n/a,no,n/a,yes,no,no,n/a - Best performance metric is prediction accuracy.,World Cup 2010 - Take on the Quants,https://www.kaggle.com/competitions/worldcup2010
102,Sports Analytics,no,n/a,no,n/a,yes,no,no,n/a,World Cup 2010 - Confidence Challenge,https://www.kaggle.com/competitions/worldcupconf
103,Finance,no,n/a,no,n/a,no,no,no,n/a (single best performance metric is not specified),INFORMS Data Mining Contest 2010,https://www.kaggle.com/competitions/informs2010
104,Biometrics,no,n/a,yes,"The dataset contains eye movement data which might be used for personal identification, potentially raising privacy concerns if individuals' consent and data usage rights are not properly addressed.",no,no,no,n/a (accuracy),Eye Movements Verification and Identification Competition,https://www.kaggle.com/competitions/emvic
105,Music Recommendation Systems,no,n/a,yes,"The dataset includes listening histories that may inadvertently expose users' preferences and behaviors. Details about user identities or data protections are not mentioned, implying potential privacy concerns.",no,no,no,n/a. The competition focuses on predicting missing listening histories using collaborative filtering and other recommendation techniques.,Million Song Dataset Challenge,https://www.kaggle.com/competitions/msdchallenge
106,"Machine Learning, Text Classification",no,n/a,no,n/a,no,no,no,n/a,Large Scale Hierarchical Text Classification,https://www.kaggle.com/competitions/lshtc
107,Bioacoustics,no,n/a,no,n/a,no,no,no,"n/a, accuracy",Multi-label Bird Species Classification - NIPS 2013,https://www.kaggle.com/competitions/multilabel-bird-species-classification-nips2013
108,Healthcare/Medical Imaging,no,n/a,yes,"The dataset involves MRI scans, which are sensitive personal health information. Ethical data handling, anonymization and IRB approvals are implied but not discussed.",no,no,no,"n/a, as the competition focuses on schizophrenia diagnosis performance, not on model transparency or explainability.",MLSP 2014 Schizophrenia Classification Challenge,https://www.kaggle.com/competitions/mlsp-2014-mri
109,Machine Learning and AI Security,no,n/a,no,n/a,no,yes,no,n/a,NIPS 2017: Non-targeted Adversarial Attack,https://www.kaggle.com/competitions/nips-2017-non-targeted-adversarial-attack
110,Machine Learning Security,no,n/a,no,n/a,no,yes,no,n/a,NIPS 2017: Targeted Adversarial Attack,https://www.kaggle.com/competitions/nips-2017-targeted-adversarial-attack
111,Machine Learning/Security,no,n/a,no,n/a,no,yes,no,n/a - focuses on adversarial attacks and defenses,NIPS 2017: Defense Against Adversarial Attack,https://www.kaggle.com/competitions/nips-2017-defense-against-adversarial-attack
112,Fashion and Computer Vision,no,n/a,yes,The dataset may contain sensitive content; there is no indication that individual consent for image usage was obtained. No mitigation strategy mentioned.,no,no,no,n/a accuracy in segmentation and classification performance is likely prioritized.,iMaterialist (Fashion) 2019 at FGVC6,https://www.kaggle.com/competitions/imaterialist-fashion-2019-FGVC6
113,Art and Culture,no,n/a,no,n/a,no,no,no,"n/a, F2 score",iMet Collection 2019 - FGVC6,https://www.kaggle.com/competitions/imet-2019-fgvc6
114,Artificial Intelligence/Game Development,no,n/a,no,n/a,yes,no,no,n/a: the metric is the amount of halite collected at the end of the match.,Halite by Two Sigma,https://www.kaggle.com/competitions/halite
115,Sports Analytics,no,n/a,no,n/a,no,no,no,n/a,Google Cloud & NCAA® ML Competition 2020-NCAAM,https://www.kaggle.com/competitions/google-cloud-ncaa-march-madness-2020-division-1-mens-tournament
116,Sports Analytics,no,n/a,no,n/a,no,no,no,"n/a, Focus is on prediction accuracy",Google Cloud & NCAA® ML Competition 2020-NCAAW,https://www.kaggle.com/competitions/google-cloud-ncaa-march-madness-2020-division-1-womens-tournament
117,Health and Epidemiology,no,n/a,no,n/a,no,no,no,"n/a, primary focus is forecasting accuracy",COVID19 Global Forecasting (Week 4),https://www.kaggle.com/competitions/covid19-global-forecasting-week-4
118,Data Science and Epidemiology,no,n/a,no,n/a,no,no,no,n/a - The competition primarily focuses on forecasting accuracy as the performance metric.,COVID19 Global Forecasting (Week 5),https://www.kaggle.com/competitions/covid19-global-forecasting-week-5
119,Data Science,no,n/a,no,n/a,yes,no,no,n/a,Santa 2020 - The Candy Cane Contest,https://www.kaggle.com/competitions/santa-2020
120,Data Science & Engineering,no,n/a,no,"Remapped Autonomous System names ensure anonymity, minimizing personal data risk. The names are arbitrary and altered, safeguarding against reverse engineering, thus lacking data privacy concerns.",no,no,no,"n/a, the competition seems to focus on predictive accuracy for optimal path determination.",Facebook II - Mapping the Internet,https://www.kaggle.com/competitions/facebook-ii
121,Data Science/Recruitment,no,n/a,yes,"The dataset contains user IDs, business IDs, and review text which may link back to individuals, posing privacy risks. These concerns are not addressed in the competition description.",no,no,no,n/a. The competition focuses on estimating the number of Useful votes a review will receive.,Yelp Recruiting Competition,https://www.kaggle.com/competitions/yelp-recruiting
122,Computer Vision,no,n/a,no,n/a,yes,yes,no,"n/a, the focus is on classification accuracy",Dogs vs. Cats,https://www.kaggle.com/competitions/dogs-vs-cats
123,Social Network Analysis,no,n/a,yes,"The competition involves users' social networks, which could contain sensitive personal information. No explicit mention of steps taken to address privacy concerns is provided.",no,no,no,n/a,Learning Social Circles in Networks,https://www.kaggle.com/competitions/learning-social-circles
124,Data Science and Machine Learning,no,n/a,no,n/a,no,no,no,n/a,Facebook Recruiting III - Keyword Extraction,https://www.kaggle.com/competitions/facebook-recruiting-iii-keyword-extraction
125,Machine Learning/Mathematics,no,n/a,no,n/a,yes,no,no,"n/a: The competition focuses on predicting the starting board accurately, a performance metric.",Conway's Reverse Game of Life,https://www.kaggle.com/competitions/conway-s-reverse-game-of-life
126,Retail Sales Forecasting,no,n/a,no,n/a,no,no,no,n/a. The competition focuses on predictive accuracy.,Walmart Recruiting - Store Sales Forecasting,https://www.kaggle.com/competitions/walmart-recruiting-store-sales-forecasting
127,Machine Learning,yes,The competition addresses unfair auction activity by identifying and reducing robot bids to improve fairness for human users.,yes,"Dataset includes bidder information like id, payment account, and address, which could pose privacy concerns without explicit mitigation approaches mentioned.",no,no,no,"n/a, the focus is primarily on performance for identifying bot bids.",Facebook Recruiting IV: Human or Robot?,https://www.kaggle.com/competitions/facebook-recruiting-iv-human-or-bot
128,Retail and Weather Forecasting,no,n/a,no,n/a,no,no,no,"n/a, focuses on predictive accuracy",Walmart Recruiting II: Sales in Stormy Weather,https://www.kaggle.com/competitions/walmart-recruiting-sales-in-stormy-weather
129,Telecommunications,no,n/a,no,n/a,no,no,no,"n/a, best performance metric not specified",Telstra Network Disruptions,https://www.kaggle.com/competitions/telstra-recruiting-network
130,Data Science and Analytics,no,n/a,yes,"The dataset involves user demographics and web session records, which may include sensitive personal information. The description does not mention steps taken to anonymize or protect data.",no,no,no,"n/a - The focus seems to be on prediction accuracy, with no mention of explainability.",Airbnb New User Bookings,https://www.kaggle.com/competitions/airbnb-recruiting-new-user-bookings
131,Retail/Commerce,no,n/a,yes,"The dataset includes customer purchase histories, which could imply sensitive behavioral data. There's no indication of anonymization or consent for such data usage.",no,no,no,n/a. The competition focuses on the classification accuracy of customer trip types.,Walmart Recruiting: Trip Type Classification,https://www.kaggle.com/competitions/walmart-recruiting-trip-type-classification
132,Image Classification / Computer Vision,no,n/a,yes,"User-submitted photos may contain identifiable information. Addressing privacy concerns is not specifically mentioned, raising potential issues of unauthorized data use.",no,no,no,"n/a, focuses on model performance and recruiting potential.",Yelp Restaurant Photo Classification,https://www.kaggle.com/competitions/yelp-restaurant-photo-classification
133,Machine Learning,no,n/a,no,n/a,no,no,no,"n/a, best performance metric is not mentioned",Facebook V: Predicting Check Ins,https://www.kaggle.com/competitions/facebook-v-predicting-check-ins
134,Insurance,no,n/a,yes,"The dataset involves insurance claims which could include sensitive financial information. However, the description does not specify how personal data is anonymized or protected.",no,no,no,"n/a, mean squared error (MSE)",Allstate Claims Severity,https://www.kaggle.com/competitions/allstate-claims-severity
135,real estate,no,n/a,no,n/a,no,no,no,"n/a, focus is on predicting the number of inquiries",Two Sigma Connect: Rental Listing Inquiries,https://www.kaggle.com/competitions/two-sigma-connect-rental-listing-inquiries
136,Sports Analytics,no,n/a,no,n/a,no,no,no,"n/a, the competition focuses on predictive accuracy of game outcomes",March Machine Learning Mania 2021 - NCAAM,https://www.kaggle.com/competitions/ncaam-march-mania-2021
137,Sports Analytics,no,n/a,no,n/a,no,no,no,n/a (focuses on predictive performance),March Machine Learning Mania 2021 - NCAAW,https://www.kaggle.com/competitions/ncaaw-march-mania-2021
138,Computer Vision,yes,Increased diversity in test images to measure global landmark retrieval performance more fairly.,no,n/a,no,no,no,"n/a, focuses on retrieval performance in finding similar images.",Google Landmark Retrieval 2021,https://www.kaggle.com/competitions/landmark-retrieval-2021
139,Image Recognition,yes,The competition increases test image diversity to ensure a fairer measurement of global landmark recognition performance.,no,n/a,no,no,no,n/a. The competition focuses on recognizing the correct landmark among more than 81K classes.,Google Landmark Recognition 2021,https://www.kaggle.com/competitions/landmark-recognition-2021
140,Data Science / Combinatorial Optimization,no,n/a,no,n/a,yes,no,no,n/a; The competition focuses on optimizing gift packing without explicit emphasis on model transparency.,Santa's Uncertain Bags,https://www.kaggle.com/competitions/santas-uncertain-bags
141,Artificial Intelligence,no,n/a,no,n/a,yes,no,no,"n/a, focusing on performance metrics like win rate","Rock, Paper, Scissors",https://www.kaggle.com/competitions/rock-paper-scissors
142,Game AI,no,n/a,no,n/a,yes,no,no,"n/a, with performance focused on survival time",Hungry Geese,https://www.kaggle.com/competitions/hungry-geese
143,Sports Analytics,no,n/a,no,n/a,yes,no,no,n/a,March Machine Learning Mania 2017,https://www.kaggle.com/competitions/march-machine-learning-mania-2017
144,"Data Science, Epidemiology",no,n/a,no,n/a,no,no,no,n/a,COVID19 Global Forecasting (Week 2),https://www.kaggle.com/competitions/covid19-global-forecasting-week-2
145,Healthcare and Data Science,no,n/a,no,n/a,no,no,no,"n/a, focus on forecasting accuracy as the primary metric",COVID19 Global Forecasting (Week 3),https://www.kaggle.com/competitions/covid19-global-forecasting-week-3
146,Tech/Recruitment,no,n/a,yes,Potential data privacy issues may arise from the use of anonymized social network data without clear information on how anonymity is ensured.,no,no,no,n/a,Facebook Recruiting Competition,https://www.kaggle.com/competitions/FacebookRecruiting
147,Computer Vision,no,n/a,no,n/a,yes,no,no,n/a. The competition focuses on categorization accuracy as the primary metric.,Digit Recognizer,https://www.kaggle.com/competitions/digit-recognizer
148,Computer Vision,no,n/a,no,n/a,yes,no,no,"n/a, focus is on prediction accuracy",CIFAR-10 - Object Recognition in Images,https://www.kaggle.com/competitions/cifar-10
149,Data Science and Analytics,no,n/a,no,n/a,yes,no,no,n/a,The Analytics Edge (15.071x),https://www.kaggle.com/competitions/the-analytics-edge-mit-15-071x
150,Machine Learning/Natural Language Processing,no,n/a,no,n/a,yes,no,no,n/a - focuses on sentiment label prediction,Sentiment Analysis on Movie Reviews,https://www.kaggle.com/competitions/sentiment-analysis-on-movie-reviews
151,Natural Language Processing,no,n/a,no,n/a,no,no,no,"n/a, the primary metric is edit distance for scoring submissions.",Billion Word Imputation,https://www.kaggle.com/competitions/billion-word-imputation
152,Machine Learning,no,n/a,no,n/a,yes,no,no,"n/a, the metric mentioned is prediction accuracy or correctness.",Forest Cover Type Prediction,https://www.kaggle.com/competitions/forest-cover-type-prediction
153,Transportation and Mobility,no,n/a,no,n/a,yes,no,no,"n/a, the competition focuses on predicting bike rental demand.",Bike Sharing Demand,https://www.kaggle.com/competitions/bike-sharing-demand
154,Machine Learning/Practice,no,n/a,yes,Potentially sensitive personal information like Reddit usernames and timestamps are used. Privacy issues are not directly addressed.,yes,no,no,n/a (focus is on predicting success of requests),Random Acts of Pizza,https://www.kaggle.com/competitions/random-acts-of-pizza
155,Chess Analysis/Artificial Intelligence,no,n/a,no,n/a,yes,no,no,"n/a, performance metric is accuracy of Elo rating prediction",Finding Elo,https://www.kaggle.com/competitions/finding-elo
156,Machine Learning,no,n/a,no,n/a,yes,no,no,"n/a, focuses on predictive accuracy",Poker Rule Induction,https://www.kaggle.com/competitions/poker-rule-induction
157,Robotics and Data Science,no,n/a,no,n/a,yes,no,no,"n/a, likely focused on accuracy or classification performance",CareerCon 2019 - Help Navigate Robots,https://www.kaggle.com/competitions/career-con-2019
158,Environmental Science and Geospatial Analysis,no,n/a,no,n/a,no,no,no,"n/a, best performance metric not mentioned",GeoLifeCLEF 2024 @ LifeCLEF & CVPR-FGVC,https://www.kaggle.com/competitions/geolifeclef-2024
159,Environmental Science,no,n/a,no,n/a,no,no,no,n/a,PlantTraits2024 - FGVC11,https://www.kaggle.com/competitions/planttraits2024
160,insurance,no,n/a,yes,"The data involves personal insurance policy information, which could include sensitive data like policy changes and renewal details. Privacy issues are not explicitly addressed in the description.",no,no,no,"n/a, accuracy in predicting customer retention is emphasized.",Will I Stay or Will I Go?,https://www.kaggle.com/competitions/customer-retention
161,Machine Learning,no,n/a,no,n/a,yes,no,no,n/a. The competition focuses on model prediction accuracy without addressing transparency.,Titanic - Machine Learning from Disaster,https://www.kaggle.com/competitions/titanic
162,Healthcare,no,n/a,yes,"The competition focuses on prescription data, which likely involves sensitive information. Without public documentation, it’s unclear how privacy is maintained. Participants might face legal restrictions regarding the handling of such data.",no,no,no,n/a,Prescription Volume Prediction,https://www.kaggle.com/competitions/RxVolumePrediction
163,Machine Learning/Data Science Education,no,n/a,no,n/a,yes,no,no,n/a,Just the Basics - Strata 2013,https://www.kaggle.com/competitions/just-the-basics-strata-2013
164,Data Science,no,n/a,yes,"Potential data privacy issues could arise from processing email contents, which might include sensitive information. However, the dataset description does not explicitly address how these concerns are mitigated.",yes,no,no,"n/a - The competition focuses on making a spam detector, likely using a performance metric such as accuracy.",Just the Basics - Strata 2013 After-party,https://www.kaggle.com/competitions/just-the-basics-the-after-party
165,Data Science and Machine Learning,no,n/a,no,n/a,yes,no,no,n/a,Data Science London + Scikit-learn,https://www.kaggle.com/competitions/data-science-london-scikit-learn
166,Computer Vision,no,n/a,yes,"The dataset includes face images which could pose privacy concerns if used without consent. However, the origin and permissions for using this data from Dr. Yoshua Bengio are not detailed.",yes,no,no,n/a - The competition focuses on performance metrics such as accuracy in predicting keypoints.,Facial Keypoints Detection,https://www.kaggle.com/competitions/facial-keypoints-detection
167,"Data Science, Machine Learning",no,n/a,no,n/a,yes,no,no,n/a,First Steps With Julia,https://www.kaggle.com/competitions/street-view-getting-started-with-julia
168,Natural Language Processing,no,n/a,no,n/a,yes,no,no,n/a,Bag of Words Meets Bags of Popcorn,https://www.kaggle.com/competitions/word2vec-nlp-tutorial
169,Data Science/Real Estate,no,n/a,no,n/a,yes,no,no,n/a with focus on predictive accuracy,House Prices - Advanced Regression Techniques,https://www.kaggle.com/competitions/house-prices-advanced-regression-techniques
170,Real Estate/House Pricing,no,n/a,no,n/a,yes,no,no,n/a,Housing Prices Competition for Kaggle Learn Users,https://www.kaggle.com/competitions/home-data-for-ml-course
171,Machine Learning/Artificial Intelligence,no,n/a,no,n/a,yes,no,no,n/a - performance against other users is the metric,Connect X,https://www.kaggle.com/competitions/connectx
172,Natural Language Processing,no,n/a,yes,"The dataset contains potential issues due to the inclusion of profane, vulgar, or offensive text sourced from public Twitter data, but it does not mention user consent.",yes,no,no,n/a best performance metric is accuracy,Natural Language Processing with Disaster Tweets,https://www.kaggle.com/competitions/nlp-getting-started
173,Machine Learning/AI,no,n/a,no,n/a,yes,no,no,"n/a, best performance metric not specified",Petals to the Metal - Flower Classification on TPU,https://www.kaggle.com/competitions/tpu-getting-started
174,Natural Language Processing,no,n/a,no,n/a,yes,no,no,n/a. The competition focuses on classification accuracy.,"Contradictory, My Dear Watson",https://www.kaggle.com/competitions/contradictory-my-dear-watson
175,Computer Vision,no,n/a,no,n/a,yes,no,no,n/a: quality of generated images,I’m Something of a Painter Myself,https://www.kaggle.com/competitions/gan-getting-started
176,Sports Analytics,no,n/a,no,n/a,no,no,no,n/a - predictive accuracy based on point spread is the primary performance metric,March Machine Learning Mania 2021 - NCAAW - Spread,https://www.kaggle.com/competitions/ncaaw-march-mania-2021-spread
177,Retail/E-commerce,no,n/a,no,n/a,yes,no,no,n/a - single best performance metric: forecasting accuracy,Store Sales - Time Series Forecasting,https://www.kaggle.com/competitions/store-sales-time-series-forecasting
178,Data Science,no,n/a,no,n/a,yes,no,no,"n/a, likely centered on predictive accuracy",Spaceship Titanic,https://www.kaggle.com/competitions/spaceship-titanic
179,Machine Learning,yes,"The competition mentions biases such as position bias, verbosity bias, and self-enhancement bias in preference predictions.",no,n/a,no,no,no,"n/a, the competition focuses on predicting user preferences without specific mention of model transparency.",LLM Classification Finetuning,https://www.kaggle.com/competitions/llm-classification-finetuning
180,Data Science/Machine Learning,no,n/a,no,n/a,yes,no,no,n/a,Tabular Playground Series - Mar 2021,https://www.kaggle.com/competitions/tabular-playground-series-mar-2021
181,Sports Analytics,no,n/a,no,n/a,no,no,no,"n/a, the competition focuses on predicting point spreads based on historical data.",March Machine Learning Mania 2021 - NCAAM - Spread,https://www.kaggle.com/competitions/ncaam-march-mania-2021-spread
182,Data Science,no,n/a,no,n/a,yes,no,no,n/a - accuracy,Tabular Playground Series - Apr 2021,https://www.kaggle.com/competitions/tabular-playground-series-apr-2021
183,Data Science,no,n/a,no,n/a,yes,no,no,n/a,Tabular Playground Series - May 2021,https://www.kaggle.com/competitions/tabular-playground-series-may-2021
184,eCommerce,no,n/a,no,The dataset is synthetic and based on a real dataset. No data privacy issues are evident as no sensitive information is described.,yes,no,no,n/a (the competition focuses on improving scores without mention of transparency),Tabular Playground Series - Jun 2021,https://www.kaggle.com/competitions/tabular-playground-series-jun-2021
185,Data Science,no,n/a,no,n/a,yes,no,no,"n/a, only best performance metric considered",Tabular Playground Series - Jul 2021,https://www.kaggle.com/competitions/tabular-playground-series-jul-2021
186,Data Science,no,n/a,no,n/a,yes,no,no,n/a (performance metric not specified),Tabular Playground Series - Aug 2021,https://www.kaggle.com/competitions/tabular-playground-series-aug-2021
187,Insurance,no,n/a,no,n/a,yes,no,no,"n/a, the competition focuses on predicting the probability of a claim.",Tabular Playground Series - Sep 2021,https://www.kaggle.com/competitions/tabular-playground-series-sep-2021
188,Data Science,no,n/a,no,n/a,yes,no,no,"n/a, binary classification accuracy",Tabular Playground Series - Oct 2021,https://www.kaggle.com/competitions/tabular-playground-series-oct-2021
189,Data Science,no,n/a,no,n/a,yes,no,no,"n/a, best performance metric not specified",Tabular Playground Series - Nov 2021,https://www.kaggle.com/competitions/tabular-playground-series-nov-2021
190,Data Science,no,n/a,no,n/a,yes,no,no,n/a,Tabular Playground Series - Dec 2021,https://www.kaggle.com/competitions/tabular-playground-series-dec-2021
191,Artificial Intelligence,no,n/a,no,n/a,no,no,no,"n/a, best performance metric is model accuracy",Wikipedia - Image/Caption Matching,https://www.kaggle.com/competitions/wikipedia-image-caption
192,Retail Sales Forecasting,no,n/a,no,n/a,yes,no,no,"n/a, competition focuses on forecasting accuracy",Tabular Playground Series - Jan 2022,https://www.kaggle.com/competitions/tabular-playground-series-jan-2022
193,Bioinformatics,no,n/a,no,n/a,yes,no,no,n/a,Tabular Playground Series - Feb 2022,https://www.kaggle.com/competitions/tabular-playground-series-feb-2022
194,Data Science Competition,no,n/a,no,n/a,yes,no,no,n/a Root Mean Squared Error (RMSE),Tabular Playground Series - Mar 2022,https://www.kaggle.com/competitions/tabular-playground-series-mar-2022
195,Data Science,no,n/a,yes,Potential data privacy issues exist due to the use of biological sensor data. Participants' activity states might be sensitive if linked to identifiable information.,yes,no,no,n/a - The competition focuses on the classification accuracy metric.,Tabular Playground Series - Apr 2022,https://www.kaggle.com/competitions/tabular-playground-series-apr-2022
196,Data Science/Manufacturing,no,n/a,no,n/a,yes,no,no,"n/a, binary classification accuracy",Tabular Playground Series - May 2022,https://www.kaggle.com/competitions/tabular-playground-series-may-2022
197,Data Science / Machine Learning,no,n/a,no,n/a,yes,no,no,n/a,Tabular Playground Series - Jun 2022,https://www.kaggle.com/competitions/tabular-playground-series-jun-2022
198,Data Science/Unsupervised Learning,no,n/a,no,n/a,yes,no,no,n/a,Tabular Playground Series - Jul 2022,https://www.kaggle.com/competitions/tabular-playground-series-jul-2022
199,Gaming/Simulation,yes,The competition aims to balance rules and establish a fair gameplay experience before its full launch.,no,n/a,yes,no,no,n/a,Kore 2022 - Beta,https://www.kaggle.com/competitions/kore-2022-beta
200,Manufacturing,no,n/a,no,n/a,yes,no,no,"n/a, focuses on predictive accuracy of product failures",Tabular Playground Series - Aug 2022,https://www.kaggle.com/competitions/tabular-playground-series-aug-2022
201,Data Science,no,n/a,no,n/a,yes,no,no,"n/a, the competition focuses on predicting sales",Tabular Playground Series - Sep 2022,https://www.kaggle.com/competitions/tabular-playground-series-sep-2022
202,Gaming/Data Science,no,n/a,no,n/a,yes,no,no,"n/a, performance metric not specified",Tabular Playground Series - Oct 2022,https://www.kaggle.com/competitions/tabular-playground-series-oct-2022
203,Data Science and Machine Learning,no,n/a,no,n/a,yes,no,no,"n/a, the focus is on logloss score improvement",Tabular Playground Series - Nov 2022,https://www.kaggle.com/competitions/tabular-playground-series-nov-2022
204,Gaming/Data Science,no,n/a,no,n/a,yes,no,no,n/a RMSE,Scrabble Player Rating,https://www.kaggle.com/competitions/scrabble-player-rating
205,Artificial Intelligence/Robotics,no,n/a,no,n/a,yes,no,no,n/a,Lux AI 2022 - Beta,https://www.kaggle.com/competitions/lux-ai-2022-beta
206,Data Science and Machine Learning,no,n/a,no,n/a,yes,no,no,"n/a, accuracy",Regression with a Tabular California Housing Dataset,https://www.kaggle.com/competitions/playground-series-s3e1
207,Healthcare,no,n/a,no,"The competition uses synthetic data, reducing concerns about data privacy and unauthorized data use. The dataset is generated to mimic Stroke Prediction Dataset distributions without using real sensitive information directly.",yes,no,no,"n/a. The competition does not explicitly mention transparency or explainability as an evaluation criterion, focusing instead on model performance metrics.",Binary Classification with a Tabular Stroke Prediction Dataset,https://www.kaggle.com/competitions/playground-series-s3e2
208,Data Science/Machine Learning,no,n/a,no,n/a,yes,no,no,n/a - focus on model performance and feature engineering,Binary Classification with a Tabular Employee Attrition Dataset,https://www.kaggle.com/competitions/playground-series-s3e3
209,Finance,no,n/a,no,"The dataset is synthetic and based on a deep learning model, reducing privacy concerns as real personal information is not used.",yes,no,no,n/a (focuses on performance metrics for model evaluation),Binary Classification with a Tabular Credit Card Fraud Dataset,https://www.kaggle.com/competitions/playground-series-s3e4
210,Wine and Beverage Industry,no,n/a,no,n/a,yes,no,no,n/a. The competition focuses on model performance on the wine quality dataset without discussing transparency metrics.,Ordinal Regression with a Tabular Wine Quality Dataset,https://www.kaggle.com/competitions/playground-series-s3e5
211,Data Science/Machine Learning,no,n/a,no,n/a,yes,no,no,"n/a, focuses on model performance with synthetic data",Regression with a Tabular Paris Housing Price Dataset,https://www.kaggle.com/competitions/playground-series-s3e6
212,Machine Learning,no,n/a,no,n/a,yes,no,no,n/a - focuses on model performance and skill sharpening,Binary Classification with a Tabular Reservation Cancellation Dataset,https://www.kaggle.com/competitions/playground-series-s3e7
213,Data Science/Machine Learning,no,n/a,no,n/a,yes,no,no,n/a,Regression with a Tabular Gemstone Price Dataset,https://www.kaggle.com/competitions/playground-series-s3e8
214,Machine Learning/Data Science,no,n/a,no,n/a,yes,no,no,"n/a, Mean Absolute Error",Regression with a Tabular Concrete Strength Dataset,https://www.kaggle.com/competitions/playground-series-s3e9
215,Data Science and Machine Learning,no,n/a,no,n/a,yes,no,no,"n/a, the competition focuses on binary classification performance.",Binary Classification with a Tabular Pulsar Dataset,https://www.kaggle.com/competitions/playground-series-s3e10
216,Machine Learning/Data Science,no,n/a,no,n/a,yes,no,no,"n/a, focuses on model performance without mentioning transparency",Regression with a Tabular Media Campaign Cost Dataset,https://www.kaggle.com/competitions/playground-series-s3e11
217,Healthcare,no,n/a,no,n/a,yes,no,no,n/a,Binary Classification with a Tabular Kidney Stone Prediction Dataset,https://www.kaggle.com/competitions/playground-series-s3e12
218,Data Science and Machine Learning,no,n/a,no,n/a,yes,no,no,"n/a, focuses on the MPA@K metric",Classification with a Tabular Vector Borne Disease Dataset,https://www.kaggle.com/competitions/playground-series-s3e13
219,Agriculture,no,n/a,no,n/a,yes,no,no,n/a,Regression with a Wild Blueberry Yield Dataset,https://www.kaggle.com/competitions/playground-series-s3e14
220,Machine Learning/Data Science,no,n/a,no,n/a,yes,no,no,n/a,Feature Imputation with a Heat Flux Dataset,https://www.kaggle.com/competitions/playground-series-s3e15
221,Data Science/Deep Learning,no,n/a,no,n/a,no,no,no,n/a. The competition focuses on performance metrics such as prediction accuracy.,Regression with a Crab Age Dataset,https://www.kaggle.com/competitions/playground-series-s3e16
222,Machine Learning,no,n/a,no,n/a,yes,no,no,n/a - focus is on model performance with no reference to transparency,Binary Classification of Machine Failures,https://www.kaggle.com/competitions/playground-series-s3e17
223,Machine Learning - Multi-Label Classification,no,n/a,no,n/a,yes,no,no,n/a - focus on model performance metric,Explore Multi-Label Classification with an Enzyme Substrate Dataset,https://www.kaggle.com/competitions/playground-series-s3e18
224,"Machine Learning, Data Science",no,n/a,no,n/a,yes,no,no,n/a,Forecasting Mini-Course Sales,https://www.kaggle.com/competitions/playground-series-s3e19
225,Environmental Science,no,n/a,no,n/a,no,no,no,n/a. The competition focuses on predictive accuracy using the dataset provided.,Predict CO2 Emissions in Rwanda,https://www.kaggle.com/competitions/playground-series-s3e20
226,Data Science/Machine Learning,no,n/a,no,"The dataset is synthetic and based on an existing real-world dataset, minimizing data privacy concerns.",yes,no,no,n/a; the focus is on improving a dataset for training a random forest model.,Improve a Fixed Model the Data-Centric Way!,https://www.kaggle.com/competitions/playground-series-s3e21
227,Healthcare,no,n/a,no,n/a,yes,no,no,n/a,Predict Health Outcomes of Horses,https://www.kaggle.com/competitions/playground-series-s3e22
228,Software Development,no,n/a,no,n/a,yes,no,no,"n/a, focuses on performance metrics only",Binary Classification with a Software Defects Dataset,https://www.kaggle.com/competitions/playground-series-s3e23
229,Healthcare,no,n/a,yes,The dataset may involve sensitive health-related information which could lead to privacy concerns if not anonymized properly.,no,no,no,n/a,Binary Prediction of Smoker Status using Bio-Signals,https://www.kaggle.com/competitions/playground-series-s3e24
230,Material Science,no,n/a,no,n/a,no,no,no,n/a,Regression with a Mohs Hardness Dataset,https://www.kaggle.com/competitions/playground-series-s3e25
231,Healthcare,no,n/a,yes,"The dataset is likely based on the Cirrhosis Patient Survival Prediction dataset, which may contain sensitive health data. No explicit mention of privacy measures.",no,no,no,"n/a, focuses on performance metrics for multi-class prediction of cirrhosis outcomes.",Multi-Class Prediction of Cirrhosis Outcomes,https://www.kaggle.com/competitions/playground-series-s3e26
232,Finance,no,n/a,yes,"Potential privacy concerns may arise if the dataset includes sensitive personal information, though this is not explicitly detailed in the description.",no,no,no,n/a; the competition likely focuses on model accuracy.,Binary Classification with a Bank Churn Dataset,https://www.kaggle.com/competitions/playground-series-s4e1
233,Healthcare,no,n/a,yes,"The dataset relates to health risks, which could involve sensitive personal information, but specific privacy measures are not mentioned.",no,no,no,n/a,Multi-Class Prediction of Obesity Risk,https://www.kaggle.com/competitions/playground-series-s4e2
234,Manufacturing,no,n/a,no,n/a,no,no,no,n/a,Steel Plate Defect Prediction,https://www.kaggle.com/competitions/playground-series-s4e3
235,Data Science,no,n/a,no,n/a,no,no,no,n/a,Regression with an Abalone Dataset,https://www.kaggle.com/competitions/playground-series-s4e4
236,Environmental Science,no,n/a,no,n/a,no,no,no,n/a. The competition seems to focus primarily on model performance as a regression task.,Regression with a Flood Prediction Dataset,https://www.kaggle.com/competitions/playground-series-s4e5
237,Education,no,n/a,no,n/a,no,no,no,"n/a, single best performance metric",Classification with an Academic Success Dataset,https://www.kaggle.com/competitions/playground-series-s4e6
238,Insurance,no,n/a,no,n/a,no,no,no,n/a,Binary Classification of Insurance Cross Selling,https://www.kaggle.com/competitions/playground-series-s4e7
239,Data Science,no,n/a,no,n/a,yes,no,no,"n/a, accuracy",Binary Prediction of Poisonous Mushrooms,https://www.kaggle.com/competitions/playground-series-s4e8
240,Data Science/Analytics,no,n/a,no,n/a,yes,no,no,"n/a, the competition focuses on predicting article popularity based on comments.",15.071x - The Analytics Edge (Spring 2015),https://www.kaggle.com/competitions/15-071x-the-analytics-edge-spring-20152
241,Data Science/Analytics,no,n/a,no,n/a,yes,no,no,n/a,15.071x - The Analytics Edge (Spring 2015),https://www.kaggle.com/competitions/15-071x-the-analytics-edge-competition-spring-2015
242,Environmental Science,no,n/a,no,n/a,yes,no,no,n/a,Invasive Species Monitoring,https://www.kaggle.com/competitions/invasive-species-monitoring
243,Machine Learning,no,n/a,no,n/a,no,no,no,n/a - accuracy,iNaturalist Challenge at FGVC 2017,https://www.kaggle.com/competitions/inaturalist-challenge-at-fgvc-2017
244,Computer Vision,no,n/a,yes,"The use of URLs without direct images suggests data privacy concerns, though no sensitive personal information is indicated. Participants download images independently, which could lead to unauthorized use if not regulated.",no,no,no,n/a. The competition emphasizes accurate attribute labeling as the metric.,iMaterialist Challenge at FGVC 2017,https://www.kaggle.com/competitions/imaterialist-challenge-FGVC2017
245,Computer Vision,no,n/a,no,n/a,no,no,no,n/a - focus on improving accuracy,ImageNet Object Localization Challenge,https://www.kaggle.com/competitions/imagenet-object-localization-challenge
246,Machine Learning,no,n/a,no,n/a,yes,no,no,n/a. The competition focuses on fine-grained image categorization without mentioning transparency or explainability.,Dog Breed Identification,https://www.kaggle.com/competitions/dog-breed-identification
247,Image Classification / Computer Vision,no,n/a,no,n/a,no,no,no,"n/a, focuses on performance in large scale species classification",iNaturalist Challenge at FGVC5,https://www.kaggle.com/competitions/inaturalist-2018
248,Audio Processing,no,n/a,no,n/a,no,no,no,n/a. The competition only focuses on audio classification label prediction accuracy as the main performance metric.,Freesound General-Purpose Audio Tagging Challenge,https://www.kaggle.com/competitions/freesound-audio-tagging
249,"Machine Learning, Image Classification",no,n/a,no,n/a,no,no,no,"n/a, competition focuses on state-of-the-art performance for image classification accuracy.",iNaturalist 2019 at FGVC6,https://www.kaggle.com/competitions/inaturalist-2019-fgvc6
250,Data Science and Machine Learning,no,n/a,no,n/a,yes,no,no,n/a,Tabular Playground Series - Feb 2021,https://www.kaggle.com/competitions/tabular-playground-series-feb-2021
251,Agriculture,no,n/a,no,n/a,no,no,no,n/a with a focus on classification accuracy,Plant Pathology 2021 - FGVC8,https://www.kaggle.com/competitions/plant-pathology-2021-fgvc8
252,Human Trafficking Investigation,no,n/a,yes,"The dataset uses hotel room images without people present, minimizing privacy concerns. However, the application in sensitive investigations implies that image misuse could have privacy implications.",no,no,no,"n/a, focuses on hotel identification accuracy as a performance metric.",Hotel-ID to Combat Human Trafficking 2021 - FGVC8,https://www.kaggle.com/competitions/hotel-id-2021-fgvc8
253,Biodiversity Management and Conservation,no,n/a,no,n/a,no,no,no,n/a,GeoLifeCLEF 2022 - LifeCLEF 2022 x FGVC9,https://www.kaggle.com/competitions/geolifeclef-2022-lifeclef-2022-fgvc9
254,Botany / Computer Vision,no,n/a,no,n/a,no,no,no,n/a,Herbarium 2022 - FGVC9,https://www.kaggle.com/competitions/herbarium-2022-fgvc9
255,Wildlife Conservation and Ecology,no,n/a,yes,"GPS locations are obfuscated to protect site integrity, and some locations are omitted for security reasons. This addresses privacy concerns but may limit data usefulness.",no,no,no,n/a. The competition focuses on animal counting accuracy as the primary metric.,iWildCam 2022 - FGVC9,https://www.kaggle.com/competitions/iwildcam2022-fgvc9
256,Agriculture,no,n/a,no,n/a,no,no,no,"n/a, accuracy is the primary metric for performance evaluation.",Sorghum -100 Cultivar Identification - FGVC 9,https://www.kaggle.com/competitions/sorghum-id-fgvc-9
257,Human Trafficking Investigation / Image Recognition,no,n/a,yes,"The use of hotel room images could raise privacy concerns if guests' personal belongings or identity are inadvertently exposed, particularly given the context of human trafficking.",no,no,no,n/a,Hotel-ID to Combat Human Trafficking 2022 - FGVC9,https://www.kaggle.com/competitions/hotel-id-to-combat-human-trafficking-2022-fgvc9
258,Marine Ecology and Computer Vision,no,n/a,no,n/a,no,no,no,n/a,FathomNet 2023,https://www.kaggle.com/competitions/fathomnet-out-of-sample-detection
259,Artificial Intelligence and Machine Learning,no,n/a,no,n/a,no,no,no,n/a,Lux AI Season 2 - NeurIPS Stage 2,https://www.kaggle.com/competitions/lux-ai-season-2-neurips-stage-2
260,Document Image Processing,no,n/a,no,n/a,no,no,no,n/a with a focus on image denoising quality,Denoising Dirty Documents,https://www.kaggle.com/competitions/denoising-dirty-documents
261,Machine Learning,no,n/a,no,n/a,yes,no,no,n/a,San Francisco Crime Classification,https://www.kaggle.com/competitions/sf-crime
262,Transportation and Urban Planning,no,n/a,no,The data consists of aggregated metrics from commercial vehicles without sensitive personal information.,no,no,no,n/a,BigQuery-Geotab Intersection Congestion,https://www.kaggle.com/competitions/bigquery-geotab-intersection-congestion
263,Machine Learning,no,n/a,no,n/a,yes,no,no,"n/a, accuracy or probability prediction",Categorical Feature Encoding Challenge,https://www.kaggle.com/competitions/cat-in-the-dat
264,Cryptography,no,n/a,no,n/a,yes,no,no,n/a,Ciphertext Challenge III,https://www.kaggle.com/competitions/ciphertext-challenge-iii
265,Data Science/Computer Vision,no,n/a,no,n/a,yes,no,no,"n/a, the metric is categorization accuracy",Kannada MNIST,https://www.kaggle.com/competitions/Kannada-MNIST
266,Data Science/Machine Learning,no,n/a,no,n/a,yes,no,no,"n/a, best performance metric not specified",Categorical Feature Encoding Challenge II,https://www.kaggle.com/competitions/cat-in-the-dat-ii
267,Optimization,no,n/a,no,n/a,yes,no,no,n/a,Santa 2019 - Revenge of the Accountants,https://www.kaggle.com/competitions/santa-2019-revenge-of-the-accountants
268,Machine Learning,no,n/a,no,n/a,yes,no,no,"n/a, accuracy",Flower Classification with TPUs,https://www.kaggle.com/competitions/flower-classification-with-tpus
269,Programming and Algorithmic Challenges,no,n/a,no,"The data consists only of photo metadata tags and orientations, not personally identifiable information.",yes,no,no,n/a. The competition focuses on the interest factor of the slideshow.,Hash Code Archive - Photo Slideshow Optimization,https://www.kaggle.com/competitions/hashcode-photo-slideshow
270,Geophysics and Volcanology,no,n/a,no,n/a,no,no,no,n/a,INGV - Volcanic Eruption Prediction,https://www.kaggle.com/competitions/predict-volcanic-eruptions-ingv-oe
271,Computer Vision,no,n/a,no,n/a,no,no,no,n/a; focuses on the best performance metric - object detection accuracy,Open Images Object Detection RVC 2020 edition,https://www.kaggle.com/competitions/open-images-object-detection-rvc-2020
272,Computer Vision,no,n/a,no,n/a,no,no,no,n/a,Open Images Instance Segmentation RVC 2020 edition,https://www.kaggle.com/competitions/open-images-instance-segmentation-rvc-2020
273,Data Science,no,n/a,no,n/a,yes,no,no,n/a,Hash Code Archive - Drone Delivery,https://www.kaggle.com/competitions/hashcode-drone-delivery
274,Mathematics and Computer Science,no,n/a,no,n/a,yes,no,no,"n/a, the competition focuses on achieving a perfect score.",Conway's Reverse Game of Life 2020,https://www.kaggle.com/competitions/conways-reverse-game-of-life-2020
275,Data Science/Game Development,no,n/a,no,n/a,yes,no,no,"n/a, most halite at the end of the match wins",Halite by Two Sigma - Playground Edition,https://www.kaggle.com/competitions/halite-iv-playground-edition
276,Data Science,no,n/a,no,n/a,yes,no,no,n/a. The primary focus is on predictive accuracy.,Tabular Playground Series - Jan 2021,https://www.kaggle.com/competitions/tabular-playground-series-jan-2021
277,Traffic Optimization,no,n/a,no,n/a,yes,no,no,"n/a, the competition focuses on minimizing the total amount of time spent in traffic.",Hash Code 2021 - Traffic Signaling,https://www.kaggle.com/competitions/hashcode-2021-oqr-extension
278,Data Science Competition,no,n/a,yes,"Potential data privacy issues may arise from using sensitive datasets such as COVID outcomes. Proper handling and anonymization are required, but these concerns are not explicitly discussed.",no,no,no,n/a. The focus is on scientific methodology and clarity of communication as evaluation criteria.,Excellence in Research Award (Phase II),https://www.kaggle.com/competitions/phase-ii-widsdatathon2022
279,Artificial Intelligence,no,n/a,no,n/a,yes,no,no,n/a,LLM Prompting with MakerSuite,https://www.kaggle.com/competitions/llm-prompting-with-makersuite
280,Data Science and Machine Learning,no,n/a,no,n/a,yes,no,no,n/a,Introducing Kaggle Scripts,https://www.kaggle.com/competitions/introducing-kaggle-scripts
281,"Data Science, Machine Learning",no,n/a,no,n/a,yes,no,no,"n/a, classification accuracy",What's Cooking?,https://www.kaggle.com/competitions/whats-cooking
282,Animal Welfare,no,n/a,no,n/a,yes,no,no,n/a,Shelter Animal Outcomes,https://www.kaggle.com/competitions/shelter-animal-outcomes
283,Art Authentication,no,n/a,no,n/a,yes,no,no,"n/a, the competition focuses on predictive accuracy.",Painter by Numbers,https://www.kaggle.com/competitions/painter-by-numbers
284,Sports Analytics,no,n/a,no,n/a,yes,no,no,n/a,Kobe Bryant Shot Selection,https://www.kaggle.com/competitions/kobe-bryant-shot-selection
285,Data Science,no,n/a,no,n/a,yes,no,no,n/a,Integer Sequence Learning,https://www.kaggle.com/competitions/integer-sequence-learning
286,Computer Vision,no,n/a,no,n/a,yes,no,no,n/a,Leaf Classification,https://www.kaggle.com/competitions/leaf-classification
287,Machine Learning/Image Classification,no,n/a,no,n/a,yes,no,no,n/a. The focus is on predicting a probability for test images,Dogs vs. Cats Redux: Kernels Edition,https://www.kaggle.com/competitions/dogs-vs-cats-redux-kernels-edition
288,Data Science,no,n/a,no,n/a,yes,no,no,n/a,Transfer Learning on Stack Exchange Tags,https://www.kaggle.com/competitions/transfer-learning-on-stack-exchange-tags
289,Machine Learning,no,n/a,no,n/a,yes,no,no,n/a,"Ghouls, Goblins, and Ghosts... Boo!",https://www.kaggle.com/competitions/ghouls-goblins-and-ghosts-boo
290,Wildlife Conservation,no,n/a,no,n/a,no,no,no,"n/a, single best performance metric is accuracy in identifying whale Id",Humpback Whale Identification Challenge,https://www.kaggle.com/competitions/whale-categorization-playground
291,Agriculture and Image Processing,no,n/a,no,n/a,no,no,no,n/a,Plant Seedlings Classification,https://www.kaggle.com/competitions/plant-seedlings-classification
292,Education,no,n/a,yes,"The dataset includes teacher and school attributes, which could have privacy implications if data is not anonymized or improperly used.",no,no,no,n/a,DonorsChoose.org Application Screening,https://www.kaggle.com/competitions/donorschoose-application-screening
293,Development,no,n/a,yes,"The dataset involves household characteristics that could include sensitive information such as income level, which may raise privacy concerns.",no,no,no,"n/a; competition focuses on improving PMT performance, likely considering accuracy.",Costa Rican Household Poverty Level Prediction,https://www.kaggle.com/competitions/costa-rican-household-poverty-prediction
294,Machine Learning/Environmental Science,no,n/a,no,n/a,yes,no,no,"n/a, the competition focuses on predicting forest cover type with no mention of transparency or explainability.",Forest Cover Type (Kernels Only),https://www.kaggle.com/competitions/forest-cover-type-kernels-only
295,Retail/Time Series Forecasting,no,n/a,no,n/a,yes,no,no,n/a,Store Item Demand Forecasting Challenge,https://www.kaggle.com/competitions/demand-forecasting-kernels-only
296,"machine learning, data science",no,n/a,no,n/a,yes,no,no,n/a,What's Cooking? (Kernels Only),https://www.kaggle.com/competitions/whats-cooking-kernels-only
297,Physics,yes,The competition includes checks built into the design to ensure the results are unbiased and useful for physicists.,no,n/a,no,no,no,"n/a, weighted AUC is the evaluation metric.",Flavours of Physics: Finding τ → μμμ (Kernels Only),https://www.kaggle.com/competitions/flavours-of-physics-kernels-only
298,Sentiment Analysis/Natural Language Processing,no,n/a,no,n/a,yes,no,no,"n/a, focuses on sentiment classification accuracy",Movie Review Sentiment Analysis (Kernels Only),https://www.kaggle.com/competitions/movie-review-sentiment-analysis-kernels-only
299,Machine Learning/Data Science,no,n/a,yes,"The dataset involves pickup and dropoff locations, potentially raising privacy concerns about tracking individuals' movements without consent.",yes,no,no,n/a - The focus is on reducing RMSE.,New York City Taxi Fare Prediction,https://www.kaggle.com/competitions/new-york-city-taxi-fare-prediction
